Student Name,Subject,Assignment Score,Submission Date,Status,Student Email,Due Date
Student 1,Bangla,53,6/4/2025,Graded,student1@example.com,6/11/2025
Student 1,English,70,6/9/2025,Pending,student1@example.com,6/16/2025
Student 1,ICT,87,6/14/2025,Completed,student1@example.com,6/21/2025
Student 1,Math,43,6/19/2025,Graded,student1@example.com,6/26/2025
Student 1,Physics,60,6/24/2025,Pending,student1@example.com,7/1/2025
Student 1,Chemistry,77,6/29/2025,Completed,student1@example.com,7/6/2025
Student 1,Biology,94,6/3/2025,Graded,student1@example.com,6/10/2025
Student 2,Bangla,66,6/7/2025,Pending,student2@example.com,6/14/2025
Student 2,English,83,6/12/2025,Completed,student2@example.com,6/19/2025
Student 2,ICT,100,6/17/2025,Graded,student2@example.com,6/24/2025
Student 2,Math,56,6/22/2025,Pending,student2@example.com,6/29/2025
Student 2,Physics,73,6/27/2025,Completed,student2@example.com,7/4/2025
Student 2,Chemistry,90,6/1/2025,Graded,student2@example.com,6/8/2025
Student 2,Biology,46,6/6/2025,Pending,student2@example.com,6/13/2025
Student 3,Bangla,79,6/10/2025,Completed,student3@example.com,6/17/2025
Student 3,English,96,6/15/2025,Graded,student3@example.com,6/22/2025
Student 3,ICT,52,6/20/2025,Pending,student3@example.com,6/27/2025
Student 3,Math,69,6/25/2025,Completed,student3@example.com,7/2/2025
Student 3,Physics,86,6/30/2025,Graded,student3@example.com,7/7/2025
Student 3,Chemistry,42,6/4/2025,Pending,student3@example.com,6/11/2025
Student 3,Biology,59,6/9/2025,Completed,student3@example.com,6/16/2025
Student 4,Bangla,92,6/13/2025,Graded,student4@example.com,6/20/2025
Student 4,English,48,6/18/2025,Pending,student4@example.com,6/25/2025
Student 4,ICT,65,6/23/2025,Completed,student4@example.com,6/30/2025
Student 4,Math,82,6/28/2025,Graded,student4@example.com,7/5/2025
Student 4,Physics,99,6/2/2025,Pending,student4@example.com,6/9/2025
Student 4,Chemistry,55,6/7/2025,Completed,student4@example.com,6/14/2025
Student 4,Biology,72,6/12/2025,Graded,student4@example.com,6/19/2025
Student 5,Bangla,44,6/16/2025,Pending,student5@example.com,6/23/2025
Student 5,English,61,6/21/2025,Completed,student5@example.com,6/28/2025
Student 5,ICT,78,6/26/2025,Graded,student5@example.com,7/3/2025
Student 5,Math,95,7/1/2025,Pending,student5@example.com,7/8/2025
Student 5,Physics,51,6/5/2025,Completed,student5@example.com,6/12/2025
Student 5,Chemistry,68,6/10/2025,Graded,student5@example.com,6/17/2025
Student 5,Biology,85,6/15/2025,Pending,student5@example.com,6/22/2025
Student 6,Bangla,57,6/19/2025,Completed,student6@example.com,6/26/2025
Student 6,English,74,6/24/2025,Graded,student6@example.com,7/1/2025
Student 6,ICT,91,6/29/2025,Pending,student6@example.com,7/6/2025
Student 6,Math,47,6/3/2025,Completed,student6@example.com,6/10/2025
Student 6,Physics,64,6/8/2025,Graded,student6@example.com,6/15/2025
Student 6,Chemistry,81,6/13/2025,Pending,student6@example.com,6/20/2025
Student 6,Biology,98,6/18/2025,Completed,student6@example.com,6/25/2025
Student 7,Bangla,70,6/22/2025,Graded,student7@example.com,6/29/2025
Student 7,English,87,6/27/2025,Pending,student7@example.com,7/4/2025
Student 7,ICT,43,6/1/2025,Completed,student7@example.com,6/8/2025
Student 7,Math,60,6/6/2025,Graded,student7@example.com,6/13/2025
Student 7,Physics,77,6/11/2025,Pending,student7@example.com,6/18/2025
Student 7,Chemistry,94,6/16/2025,Completed,student7@example.com,6/23/2025
Student 7,Biology,50,6/21/2025,Graded,student7@example.com,6/28/2025
Student 8,Bangla,83,6/25/2025,Pending,student8@example.com,7/2/2025
Student 8,English,100,6/30/2025,Completed,student8@example.com,7/7/2025
Student 8,ICT,56,6/4/2025,Graded,student8@example.com,6/11/2025
Student 8,Math,73,6/9/2025,Pending,student8@example.com,6/16/2025
Student 8,Physics,90,6/14/2025,Completed,student8@example.com,6/21/2025
Student 8,Chemistry,46,6/19/2025,Graded,student8@example.com,6/26/2025
Student 8,Biology,63,6/24/2025,Pending,student8@example.com,7/1/2025
Student 9,Bangla,96,6/28/2025,Completed,student9@example.com,7/5/2025
Student 9,English,52,6/2/2025,Graded,student9@example.com,6/9/2025
Student 9,ICT,69,6/7/2025,Pending,student9@example.com,6/14/2025
Student 9,Math,86,6/12/2025,Completed,student9@example.com,6/19/2025
Student 9,Physics,42,6/17/2025,Graded,student9@example.com,6/24/2025
Student 9,Chemistry,59,6/22/2025,Pending,student9@example.com,6/29/2025
Student 9,Biology,76,6/27/2025,Completed,student9@example.com,7/4/2025
Student 10,Bangla,48,7/1/2025,Graded,student10@example.com,7/8/2025
Student 10,English,65,6/5/2025,Pending,student10@example.com,6/12/2025
Student 10,ICT,82,6/10/2025,Completed,student10@example.com,6/17/2025
Student 10,Math,99,6/15/2025,Graded,student10@example.com,6/22/2025
Student 10,Physics,55,6/20/2025,Pending,student10@example.com,6/27/2025
Student 10,Chemistry,72,6/25/2025,Completed,student10@example.com,7/2/2025
Student 10,Biology,89,6/30/2025,Graded,student10@example.com,7/7/2025
Student 11,Bangla,61,6/3/2025,Pending,student11@example.com,6/10/2025
Student 11,English,78,6/8/2025,Completed,student11@example.com,6/15/2025
Student 11,ICT,95,6/13/2025,Graded,student11@example.com,6/20/2025
Student 11,Math,51,6/18/2025,Pending,student11@example.com,6/25/2025
Student 11,Physics,68,6/23/2025,Completed,student11@example.com,6/30/2025
Student 11,Chemistry,85,6/28/2025,Graded,student11@example.com,7/5/2025
Student 11,Biology,41,6/2/2025,Pending,student11@example.com,6/9/2025
Student 12,Bangla,74,6/6/2025,Completed,student12@example.com,6/13/2025
Student 12,English,91,6/11/2025,Graded,student12@example.com,6/18/2025
Student 12,ICT,47,6/16/2025,Pending,student12@example.com,6/23/2025
Student 12,Math,64,6/21/2025,Completed,student12@example.com,6/28/2025
Student 12,Physics,81,6/26/2025,Graded,student12@example.com,7/3/2025
Student 12,Chemistry,98,7/1/2025,Pending,student12@example.com,7/8/2025
Student 12,Biology,54,6/5/2025,Completed,student12@example.com,6/12/2025
Student 13,Bangla,87,6/9/2025,Graded,student13@example.com,6/16/2025
Student 13,English,43,6/14/2025,Pending,student13@example.com,6/21/2025
Student 13,ICT,60,6/19/2025,Completed,student13@example.com,6/26/2025
Student 13,Math,77,6/24/2025,Graded,student13@example.com,7/1/2025
Student 13,Physics,94,6/29/2025,Pending,student13@example.com,7/6/2025
Student 13,Chemistry,50,6/3/2025,Completed,student13@example.com,6/10/2025
Student 13,Biology,67,6/8/2025,Graded,student13@example.com,6/15/2025
Student 14,Bangla,100,6/12/2025,Pending,student14@example.com,6/19/2025
Student 14,English,56,6/17/2025,Completed,student14@example.com,6/24/2025
Student 14,ICT,73,6/22/2025,Graded,student14@example.com,6/29/2025
Student 14,Math,90,6/27/2025,Pending,student14@example.com,7/4/2025
Student 14,Physics,46,6/1/2025,Completed,student14@example.com,6/8/2025
Student 14,Chemistry,63,6/6/2025,Graded,student14@example.com,6/13/2025
Student 14,Biology,80,6/11/2025,Pending,student14@example.com,6/18/2025
Student 15,Bangla,52,6/15/2025,Completed,student15@example.com,6/22/2025
Student 15,English,69,6/20/2025,Graded,student15@example.com,6/27/2025
Student 15,ICT,86,6/25/2025,Pending,student15@example.com,7/2/2025
Student 15,Math,42,6/30/2025,Completed,student15@example.com,7/7/2025
Student 15,Physics,59,6/4/2025,Graded,student15@example.com,6/11/2025
Student 15,Chemistry,76,6/9/2025,Pending,student15@example.com,6/16/2025
Student 15,Biology,93,6/14/2025,Completed,student15@example.com,6/21/2025
Student 16,Bangla,65,6/18/2025,Graded,student16@example.com,6/25/2025
Student 16,English,82,6/23/2025,Pending,student16@example.com,6/30/2025
Student 16,ICT,99,6/28/2025,Completed,student16@example.com,7/5/2025
Student 16,Math,55,6/2/2025,Graded,student16@example.com,6/9/2025
Student 16,Physics,72,6/7/2025,Pending,student16@example.com,6/14/2025
Student 16,Chemistry,89,6/12/2025,Completed,student16@example.com,6/19/2025
Student 16,Biology,45,6/17/2025,Graded,student16@example.com,6/24/2025
Student 17,Bangla,78,6/21/2025,Pending,student17@example.com,6/28/2025
Student 17,English,95,6/26/2025,Completed,student17@example.com,7/3/2025
Student 17,ICT,51,7/1/2025,Graded,student17@example.com,7/8/2025
Student 17,Math,68,6/5/2025,Pending,student17@example.com,6/12/2025
Student 17,Physics,85,6/10/2025,Completed,student17@example.com,6/17/2025
Student 17,Chemistry,41,6/15/2025,Graded,student17@example.com,6/22/2025
Student 17,Biology,58,6/20/2025,Pending,student17@example.com,6/27/2025
Student 18,Bangla,91,6/24/2025,Completed,student18@example.com,7/1/2025
Student 18,English,47,6/29/2025,Graded,student18@example.com,7/6/2025
Student 18,ICT,64,6/3/2025,Pending,student18@example.com,6/10/2025
Student 18,Math,81,6/8/2025,Completed,student18@example.com,6/15/2025
Student 18,Physics,98,6/13/2025,Graded,student18@example.com,6/20/2025
Student 18,Chemistry,54,6/18/2025,Pending,student18@example.com,6/25/2025
Student 18,Biology,71,6/23/2025,Completed,student18@example.com,6/30/2025
Student 19,Bangla,43,6/27/2025,Graded,student19@example.com,7/4/2025
Student 19,English,60,6/1/2025,Pending,student19@example.com,6/8/2025
Student 19,ICT,77,6/6/2025,Completed,student19@example.com,6/13/2025
Student 19,Math,94,6/11/2025,Graded,student19@example.com,6/18/2025
Student 19,Physics,50,6/16/2025,Pending,student19@example.com,6/23/2025
Student 19,Chemistry,67,6/21/2025,Completed,student19@example.com,6/28/2025
Student 19,Biology,84,6/26/2025,Graded,student19@example.com,7/3/2025
Student 20,Bangla,56,6/30/2025,Pending,student20@example.com,7/7/2025
Student 20,English,73,6/4/2025,Completed,student20@example.com,6/11/2025
Student 20,ICT,90,6/9/2025,Graded,student20@example.com,6/16/2025
Student 20,Math,46,6/14/2025,Pending,student20@example.com,6/21/2025
Student 20,Physics,63,6/19/2025,Completed,student20@example.com,6/26/2025
Student 20,Chemistry,80,6/24/2025,Graded,student20@example.com,7/1/2025
Student 20,Biology,97,6/29/2025,Pending,student20@example.com,7/6/2025
Student 21,Bangla,69,6/2/2025,Completed,student21@example.com,6/9/2025
Student 21,English,86,6/7/2025,Graded,student21@example.com,6/14/2025
Student 21,ICT,42,6/12/2025,Pending,student21@example.com,6/19/2025
Student 21,Math,59,6/17/2025,Completed,student21@example.com,6/24/2025
Student 21,Physics,76,6/22/2025,Graded,student21@example.com,6/29/2025
Student 21,Chemistry,93,6/27/2025,Pending,student21@example.com,7/4/2025
Student 21,Biology,49,6/1/2025,Completed,student21@example.com,6/8/2025
Student 22,Bangla,82,6/5/2025,Graded,student22@example.com,6/12/2025
Student 22,English,99,6/10/2025,Pending,student22@example.com,6/17/2025
Student 22,ICT,55,6/15/2025,Completed,student22@example.com,6/22/2025
Student 22,Math,72,6/20/2025,Graded,student22@example.com,6/27/2025
Student 22,Physics,89,6/25/2025,Pending,student22@example.com,7/2/2025
Student 22,Chemistry,45,6/30/2025,Completed,student22@example.com,7/7/2025
Student 22,Biology,62,6/4/2025,Graded,student22@example.com,6/11/2025
Student 23,Bangla,95,6/8/2025,Pending,student23@example.com,6/15/2025
Student 23,English,51,6/13/2025,Completed,student23@example.com,6/20/2025
Student 23,ICT,68,6/18/2025,Graded,student23@example.com,6/25/2025
Student 23,Math,85,6/23/2025,Pending,student23@example.com,6/30/2025
Student 23,Physics,41,6/28/2025,Completed,student23@example.com,7/5/2025
Student 23,Chemistry,58,6/2/2025,Graded,student23@example.com,6/9/2025
Student 23,Biology,75,6/7/2025,Pending,student23@example.com,6/14/2025
Student 24,Bangla,47,6/11/2025,Completed,student24@example.com,6/18/2025
Student 24,English,64,6/16/2025,Graded,student24@example.com,6/23/2025
Student 24,ICT,81,6/21/2025,Pending,student24@example.com,6/28/2025
Student 24,Math,98,6/26/2025,Completed,student24@example.com,7/3/2025
Student 24,Physics,54,7/1/2025,Graded,student24@example.com,7/8/2025
Student 24,Chemistry,71,6/5/2025,Pending,student24@example.com,6/12/2025
Student 24,Biology,88,6/10/2025,Completed,student24@example.com,6/17/2025
Student 25,Bangla,60,6/14/2025,Graded,student25@example.com,6/21/2025
Student 25,English,77,6/19/2025,Pending,student25@example.com,6/26/2025
Student 25,ICT,94,6/24/2025,Completed,student25@example.com,7/1/2025
Student 25,Math,50,6/29/2025,Graded,student25@example.com,7/6/2025
Student 25,Physics,67,6/3/2025,Pending,student25@example.com,6/10/2025
Student 25,Chemistry,84,6/8/2025,Completed,student25@example.com,6/15/2025
Student 25,Biology,40,6/13/2025,Graded,student25@example.com,6/20/2025
Student 26,Bangla,73,6/17/2025,Pending,student26@example.com,6/24/2025
Student 26,English,90,6/22/2025,Completed,student26@example.com,6/29/2025
Student 26,ICT,46,6/27/2025,Graded,student26@example.com,7/4/2025
Student 26,Math,63,6/1/2025,Pending,student26@example.com,6/8/2025
Student 26,Physics,80,6/6/2025,Completed,student26@example.com,6/13/2025
Student 26,Chemistry,97,6/11/2025,Graded,student26@example.com,6/18/2025
Student 26,Biology,53,6/16/2025,Pending,student26@example.com,6/23/2025
Student 27,Bangla,86,6/20/2025,Completed,student27@example.com,6/27/2025
Student 27,English,42,6/25/2025,Graded,student27@example.com,7/2/2025
Student 27,ICT,59,6/30/2025,Pending,student27@example.com,7/7/2025
Student 27,Math,76,6/4/2025,Completed,student27@example.com,6/11/2025
Student 27,Physics,93,6/9/2025,Graded,student27@example.com,6/16/2025
Student 27,Chemistry,49,6/14/2025,Pending,student27@example.com,6/21/2025
Student 27,Biology,66,6/19/2025,Completed,student27@example.com,6/26/2025
Student 28,Bangla,99,6/23/2025,Graded,student28@example.com,6/30/2025
Student 28,English,55,6/28/2025,Pending,student28@example.com,7/5/2025
Student 28,ICT,72,6/2/2025,Completed,student28@example.com,6/9/2025
Student 28,Math,89,6/7/2025,Graded,student28@example.com,6/14/2025
Student 28,Physics,45,6/12/2025,Pending,student28@example.com,6/19/2025
Student 28,Chemistry,62,6/17/2025,Completed,student28@example.com,6/24/2025
Student 28,Biology,79,6/22/2025,Graded,student28@example.com,6/29/2025
Student 29,Bangla,51,6/26/2025,Pending,student29@example.com,7/3/2025
Student 29,English,68,7/1/2025,Completed,student29@example.com,7/8/2025
Student 29,ICT,85,6/5/2025,Graded,student29@example.com,6/12/2025
Student 29,Math,41,6/10/2025,Pending,student29@example.com,6/17/2025
Student 29,Physics,58,6/15/2025,Completed,student29@example.com,6/22/2025
Student 29,Chemistry,75,6/20/2025,Graded,student29@example.com,6/27/2025
Student 29,Biology,92,6/25/2025,Pending,student29@example.com,7/2/2025
Student 30,Bangla,64,6/29/2025,Completed,student30@example.com,7/6/2025
Student 30,English,81,6/3/2025,Graded,student30@example.com,6/10/2025
Student 30,ICT,98,6/8/2025,Pending,student30@example.com,6/15/2025
Student 30,Math,54,6/13/2025,Completed,student30@example.com,6/20/2025
Student 30,Physics,71,6/18/2025,Graded,student30@example.com,6/25/2025
Student 30,Chemistry,88,6/23/2025,Pending,student30@example.com,6/30/2025
Student 30,Biology,44,6/28/2025,Completed,student30@example.com,7/5/2025
Student 31,Bangla,77,6/1/2025,Graded,student31@example.com,6/8/2025
Student 31,English,94,6/6/2025,Pending,student31@example.com,6/13/2025
Student 31,ICT,50,6/11/2025,Completed,student31@example.com,6/18/2025
Student 31,Math,67,6/16/2025,Graded,student31@example.com,6/23/2025
Student 31,Physics,84,6/21/2025,Pending,student31@example.com,6/28/2025
Student 31,Chemistry,40,6/26/2025,Completed,student31@example.com,7/3/2025
Student 31,Biology,57,7/1/2025,Graded,student31@example.com,7/8/2025
Student 32,Bangla,90,6/4/2025,Pending,student32@example.com,6/11/2025
Student 32,English,46,6/9/2025,Completed,student32@example.com,6/16/2025
Student 32,ICT,63,6/14/2025,Graded,student32@example.com,6/21/2025
Student 32,Math,80,6/19/2025,Pending,student32@example.com,6/26/2025
Student 32,Physics,97,6/24/2025,Completed,student32@example.com,7/1/2025
Student 32,Chemistry,53,6/29/2025,Graded,student32@example.com,7/6/2025
Student 32,Biology,70,6/3/2025,Pending,student32@example.com,6/10/2025
Student 33,Bangla,42,6/7/2025,Completed,student33@example.com,6/14/2025
Student 33,English,59,6/12/2025,Graded,student33@example.com,6/19/2025
Student 33,ICT,76,6/17/2025,Pending,student33@example.com,6/24/2025
Student 33,Math,93,6/22/2025,Completed,student33@example.com,6/29/2025
Student 33,Physics,49,6/27/2025,Graded,student33@example.com,7/4/2025
Student 33,Chemistry,66,6/1/2025,Pending,student33@example.com,6/8/2025
Student 33,Biology,83,6/6/2025,Completed,student33@example.com,6/13/2025
Student 34,Bangla,55,6/10/2025,Graded,student34@example.com,6/17/2025
Student 34,English,72,6/15/2025,Pending,student34@example.com,6/22/2025
Student 34,ICT,89,6/20/2025,Completed,student34@example.com,6/27/2025
Student 34,Math,45,6/25/2025,Graded,student34@example.com,7/2/2025
Student 34,Physics,62,6/30/2025,Pending,student34@example.com,7/7/2025
Student 34,Chemistry,79,6/4/2025,Completed,student34@example.com,6/11/2025
Student 34,Biology,96,6/9/2025,Graded,student34@example.com,6/16/2025
Student 35,Bangla,68,6/13/2025,Pending,student35@example.com,6/20/2025
Student 35,English,85,6/18/2025,Completed,student35@example.com,6/25/2025
Student 35,ICT,41,6/23/2025,Graded,student35@example.com,6/30/2025
Student 35,Math,58,6/28/2025,Pending,student35@example.com,7/5/2025
Student 35,Physics,75,6/2/2025,Completed,student35@example.com,6/9/2025
Student 35,Chemistry,92,6/7/2025,Graded,student35@example.com,6/14/2025
Student 35,Biology,48,6/12/2025,Pending,student35@example.com,6/19/2025
Student 36,Bangla,81,6/16/2025,Completed,student36@example.com,6/23/2025
Student 36,English,98,6/21/2025,Graded,student36@example.com,6/28/2025
Student 36,ICT,54,6/26/2025,Pending,student36@example.com,7/3/2025
Student 36,Math,71,7/1/2025,Completed,student36@example.com,7/8/2025
Student 36,Physics,88,6/5/2025,Graded,student36@example.com,6/12/2025
Student 36,Chemistry,44,6/10/2025,Pending,student36@example.com,6/17/2025
Student 36,Biology,61,6/15/2025,Completed,student36@example.com,6/22/2025
Student 37,Bangla,94,6/19/2025,Graded,student37@example.com,6/26/2025
Student 37,English,50,6/24/2025,Pending,student37@example.com,7/1/2025
Student 37,ICT,67,6/29/2025,Completed,student37@example.com,7/6/2025
Student 37,Math,84,6/3/2025,Graded,student37@example.com,6/10/2025
Student 37,Physics,40,6/8/2025,Pending,student37@example.com,6/15/2025
Student 37,Chemistry,57,6/13/2025,Completed,student37@example.com,6/20/2025
Student 37,Biology,74,6/18/2025,Graded,student37@example.com,6/25/2025
Student 38,Bangla,46,6/22/2025,Pending,student38@example.com,6/29/2025
Student 38,English,63,6/27/2025,Completed,student38@example.com,7/4/2025
Student 38,ICT,80,6/1/2025,Graded,student38@example.com,6/8/2025
Student 38,Math,97,6/6/2025,Pending,student38@example.com,6/13/2025
Student 38,Physics,53,6/11/2025,Completed,student38@example.com,6/18/2025
Student 38,Chemistry,70,6/16/2025,Graded,student38@example.com,6/23/2025
Student 38,Biology,87,6/21/2025,Pending,student38@example.com,6/28/2025
Student 39,Bangla,59,6/25/2025,Completed,student39@example.com,7/2/2025
Student 39,English,76,6/30/2025,Graded,student39@example.com,7/7/2025
Student 39,ICT,93,6/4/2025,Pending,student39@example.com,6/11/2025
Student 39,Math,49,6/9/2025,Completed,student39@example.com,6/16/2025
Student 39,Physics,66,6/14/2025,Graded,student39@example.com,6/21/2025
Student 39,Chemistry,83,6/19/2025,Pending,student39@example.com,6/26/2025
Student 39,Biology,100,6/24/2025,Completed,student39@example.com,7/1/2025
Student 40,Bangla,72,6/28/2025,Graded,student40@example.com,7/5/2025
Student 40,English,89,6/2/2025,Pending,student40@example.com,6/9/2025
Student 40,ICT,45,6/7/2025,Completed,student40@example.com,6/14/2025
Student 40,Math,62,6/12/2025,Graded,student40@example.com,6/19/2025
Student 40,Physics,79,6/17/2025,Pending,student40@example.com,6/24/2025
Student 40,Chemistry,96,6/22/2025,Completed,student40@example.com,6/29/2025
Student 40,Biology,52,6/27/2025,Graded,student40@example.com,7/4/2025
Student 41,Bangla,85,7/1/2025,Pending,student41@example.com,7/8/2025
Student 41,English,41,6/5/2025,Completed,student41@example.com,6/12/2025
Student 41,ICT,58,6/10/2025,Graded,student41@example.com,6/17/2025
Student 41,Math,75,6/15/2025,Pending,student41@example.com,6/22/2025
Student 41,Physics,92,6/20/2025,Completed,student41@example.com,6/27/2025
Student 41,Chemistry,48,6/25/2025,Graded,student41@example.com,7/2/2025
Student 41,Biology,65,6/30/2025,Pending,student41@example.com,7/7/2025
Student 42,Bangla,98,6/3/2025,Completed,student42@example.com,6/10/2025
Student 42,English,54,6/8/2025,Graded,student42@example.com,6/15/2025
Student 42,ICT,71,6/13/2025,Pending,student42@example.com,6/20/2025
Student 42,Math,88,6/18/2025,Completed,student42@example.com,6/25/2025
Student 42,Physics,44,6/23/2025,Graded,student42@example.com,6/30/2025
Student 42,Chemistry,61,6/28/2025,Pending,student42@example.com,7/5/2025
Student 42,Biology,78,6/2/2025,Completed,student42@example.com,6/9/2025
Student 43,Bangla,50,6/6/2025,Graded,student43@example.com,6/13/2025
Student 43,English,67,6/11/2025,Pending,student43@example.com,6/18/2025
Student 43,ICT,84,6/16/2025,Completed,student43@example.com,6/23/2025
Student 43,Math,40,6/21/2025,Graded,student43@example.com,6/28/2025
Student 43,Physics,57,6/26/2025,Pending,student43@example.com,7/3/2025
Student 43,Chemistry,74,7/1/2025,Completed,student43@example.com,7/8/2025
Student 43,Biology,91,6/5/2025,Graded,student43@example.com,6/12/2025
Student 44,Bangla,63,6/9/2025,Pending,student44@example.com,6/16/2025
Student 44,English,80,6/14/2025,Completed,student44@example.com,6/21/2025
Student 44,ICT,97,6/19/2025,Graded,student44@example.com,6/26/2025
Student 44,Math,53,6/24/2025,Pending,student44@example.com,7/1/2025
Student 44,Physics,70,6/29/2025,Completed,student44@example.com,7/6/2025
Student 44,Chemistry,87,6/3/2025,Graded,student44@example.com,6/10/2025
Student 44,Biology,43,6/8/2025,Pending,student44@example.com,6/15/2025
Student 45,Bangla,76,6/12/2025,Completed,student45@example.com,6/19/2025
Student 45,English,93,6/17/2025,Graded,student45@example.com,6/24/2025
Student 45,ICT,49,6/22/2025,Pending,student45@example.com,6/29/2025
Student 45,Math,66,6/27/2025,Completed,student45@example.com,7/4/2025
Student 45,Physics,83,6/1/2025,Graded,student45@example.com,6/8/2025
Student 45,Chemistry,100,6/6/2025,Pending,student45@example.com,6/13/2025
Student 45,Biology,56,6/11/2025,Completed,student45@example.com,6/18/2025
Student 46,Bangla,89,6/15/2025,Graded,student46@example.com,6/22/2025
Student 46,English,45,6/20/2025,Pending,student46@example.com,6/27/2025
Student 46,ICT,62,6/25/2025,Completed,student46@example.com,7/2/2025
Student 46,Math,79,6/30/2025,Graded,student46@example.com,7/7/2025
Student 46,Physics,96,6/4/2025,Pending,student46@example.com,6/11/2025
Student 46,Chemistry,52,6/9/2025,Completed,student46@example.com,6/16/2025
Student 46,Biology,69,6/14/2025,Graded,student46@example.com,6/21/2025
Student 47,Bangla,41,6/18/2025,Pending,student47@example.com,6/25/2025
Student 47,English,58,6/23/2025,Completed,student47@example.com,6/30/2025
Student 47,ICT,75,6/28/2025,Graded,student47@example.com,7/5/2025
Student 47,Math,92,6/2/2025,Pending,student47@example.com,6/9/2025
Student 47,Physics,48,6/7/2025,Completed,student47@example.com,6/14/2025
Student 47,Chemistry,65,6/12/2025,Graded,student47@example.com,6/19/2025
Student 47,Biology,82,6/17/2025,Pending,student47@example.com,6/24/2025
Student 48,Bangla,54,6/21/2025,Completed,student48@example.com,6/28/2025
Student 48,English,71,6/26/2025,Graded,student48@example.com,7/3/2025
Student 48,ICT,88,7/1/2025,Pending,student48@example.com,7/8/2025
Student 48,Math,44,6/5/2025,Completed,student48@example.com,6/12/2025
Student 48,Physics,61,6/10/2025,Graded,student48@example.com,6/17/2025
Student 48,Chemistry,78,6/15/2025,Pending,student48@example.com,6/22/2025
Student 48,Biology,95,6/20/2025,Completed,student48@example.com,6/27/2025
Student 49,Bangla,67,6/24/2025,Graded,student49@example.com,7/1/2025
Student 49,English,84,6/29/2025,Pending,student49@example.com,7/6/2025
Student 49,ICT,40,6/3/2025,Completed,student49@example.com,6/10/2025
Student 49,Math,57,6/8/2025,Graded,student49@example.com,6/15/2025
Student 49,Physics,74,6/13/2025,Pending,student49@example.com,6/20/2025
Student 49,Chemistry,91,6/18/2025,Completed,student49@example.com,6/25/2025
Student 49,Biology,47,6/23/2025,Graded,student49@example.com,6/30/2025
Student 50,Bangla,80,6/27/2025,Pending,student50@example.com,7/4/2025
Student 50,English,97,6/1/2025,Completed,student50@example.com,6/8/2025
Student 50,ICT,53,6/6/2025,Graded,student50@example.com,6/13/2025
Student 50,Math,70,6/11/2025,Pending,student50@example.com,6/18/2025
Student 50,Physics,87,6/16/2025,Completed,student50@example.com,6/23/2025
Student 50,Chemistry,43,6/21/2025,Graded,student50@example.com,6/28/2025
Student 50,Biology,60,6/26/2025,Pending,student50@example.com,7/3/2025